{
  "Empdetails": [
    {
      "username": "ONE",
      "password": "Pass1",
      "photo": "https://cdn.pixabay.com/photo/2015/10/05/22/37/blank-profile-picture-973460_960_720.png"
    },
    {
      "username": "TWO",
      "password": "Pass2",
      "photo": "https://moonvillageassociation.org/wp-content/uploads/2018/06/default-profile-picture1.jpg"
    },
    {
      "username": "THREE",
      "password": "Pass3",
      "photo": "https://moonvillageassociation.org/wp-content/uploads/2018/06/default-profile-picture1.jpg"
    },
    {
      "username": "FOUR",
      "password": "Pass4",
      "photo": "https://moonvillageassociation.org/wp-content/uploads/2018/06/default-profile-picture1.jpg"
    },
    {
      "username": "FIVE",
      "password": "Pass5",
      "photo": "https://moonvillageassociation.org/wp-content/uploads/2018/06/default-profile-picture1.jpg"
    }
  ],
  "Employeedetail": [
    {
      "Name": "Maheswaran",
      "Email": "Maheswaran.Sappanimuthu@bshg.com",
      "photo": "https://moonvillageassociation.org/wp-content/uploads/2018/06/default-profile-picture1.jpg",
      "id": "1",
      "Skills": "Web-developement",
      "Employeeid": "001"
    },
    {
      "id": "2",
      "Employeeid": "002",
      "Name": "Rakesh",
      "Email": "Rakesh.Kempegowda@bshg.com",
      "Skills": "Cybersecurity",
      "photo": "https://moonvillageassociation.org/wp-content/uploads/2018/06/default-profile-picture1.jpg"
    },
    {
      "id": "3",
      "Employeeid": "003",
      "Name": "Sasank",
      "Email": "Sasank.Neelisetty-ext@bshg.com",
      "Skills": "Cloud computing",
      "photo": "https://moonvillageassociation.org/wp-content/uploads/2018/06/default-profile-picture1.jpg"
    },
    {
      "id": "4",
      "Employeeid": "004",
      "Name": "Sanjay",
      "Email": "Sanjay.Kumar-ext@bshg.com",
      "Skills": "Software development",
      "photo": "https://moonvillageassociation.org/wp-content/uploads/2018/06/default-profile-picture1.jpg"
    },
    {
      "id": "5",
      "Employeeid": "005",
      "Name": "Praveenkumar",
      "Email": "Praveenkumar.Chandiran-ext@bshg.com",
      "Skills": "Data analytics",
      "photo": "https://moonvillageassociation.org/wp-content/uploads/2018/06/default-profile-picture1.jpg"
    },
    {
      "id": "6",
      "Employeeid": "006",
      "Name": "Muthu Kumar",
      "Email": "Muthu.Rajendran-ext@bshg.com",
      "Skills": "machine learning",
      "photo": "https://moonvillageassociation.org/wp-content/uploads/2018/06/default-profile-picture1.jpg"
    },
    {
      "id": "7",
      "Employeeid": "007",
      "Name": "Naveen",
      "Email": "Naveen.Ravi-ext@bshg.com",
      "Skills": "ARtificial Intelligence",
      "photo": "https://moonvillageassociation.org/wp-content/uploads/2018/06/default-profile-picture1.jpg"
    },
    {
      "id": "8",
      "Employeeid": "008",
      "Name": "Monith",
      "Email": "Monith.viswanathan-ext@bshg.com",
      "Skills": "Data management",
      "photo": "https://moonvillageassociation.org/wp-content/uploads/2018/06/default-profile-picture1.jpg"
    },
    {
      "id": "9",
      "Employeeid": "009",
      "Name": "Naveen kumar",
      "Email": "Naveen.jm-ext@bshg.com",
      "Skills": " unit Testing",
      "photo": "https://moonvillageassociation.org/wp-content/uploads/2018/06/default-profile-picture1.jpg"
    },
    {
      "id": "10",
      "Employeeid": "010",
      "Name": "Jeeva",
      "Email": "Jeeva.Mani-ext@bshg.com",
      "Skills": "Data structure",
      "photo": "https://moonvillageassociation.org/wp-content/uploads/2018/06/default-profile-picture1.jpg"
    },
    {
      "id": "11",
      "Employeeid": "011",
      "Name": "Karthi",
      "Email": "Karthi.KN-ext@bshg.com",
      "Skills": "web development",
      "photo": "https://moonvillageassociation.org/wp-content/uploads/2018/06/default-profile-picture1.jpg"
    },
    {
      "Name": "Tony",
      "Email": "tonyt@gmail.com",
      "photo": "https://cdn.pixabay.com/photo/2015/10/05/22/37/blank-profile-picture-973460_960_720.png",
      "id": "12",
      "Skills": "Game designer",
      "Employeeid": "012"
    },
    {
      "Name": "Ram",
      "Email": "Ram1232@gmail.com",
      "photo": "ttps://moonvillageassociation.org/wp-content/uploads/2018/06/default-profile-picture1.jpg",
      "id": 13,
      "Skills": "ios developer",
      "Employeeid": "013"
    }
  ]
}